{"chunk_definitions":[{"row":20,"row_count":1,"visible":true,"expansion_state":0,"options":{"engine":"r","label":"setup","include":false},"document_id":"A1BD2056","chunk_id":"csetup_chunk","chunk_label":"setup"},{"row":28,"row_count":1,"visible":true,"expansion_state":0,"options":{"engine":"r","label":"unnamed-chunk-1"},"document_id":"A1BD2056","chunk_id":"c86nqr40c3mj3","chunk_label":"unnamed-chunk-1"},{"row":37,"row_count":1,"visible":true,"expansion_state":0,"options":{"engine":"r","label":"unnamed-chunk-2"},"document_id":"A1BD2056","chunk_id":"c8vqle69eo8up","chunk_label":"unnamed-chunk-2"},{"row":43,"row_count":1,"visible":true,"expansion_state":0,"options":{"engine":"r","eval":false,"label":"unnamed-chunk-7"},"document_id":"A1BD2056","chunk_id":"cyamogc9r1qaj","chunk_label":"unnamed-chunk-3"},{"row":57,"row_count":1,"visible":true,"expansion_state":0,"options":{"engine":"r","label":"unnamed-chunk-6"},"document_id":"A1BD2056","chunk_id":"cwpieoahjvhyn","chunk_label":"unnamed-chunk-5"}],"doc_write_time":1693962962,"working_dir":null,"default_chunk_options":{"echo":true,"comment":""}}