"0","knitr::opts_chunk$set(echo = TRUE, comment = """")"
"0","library(tidyverse) #loads ggplot2 and other packages"
"0","library(palmerpenguins)"
"0","#install.packages(""ggThemeAssist"") #only needs to be done once!"
"0","#install.packages(""esquisse"")"
"0","library(ggplot2)"
"0",""
"0","ggplot(penguins) +"
"0"," aes(x = flipper_length_mm, fill = species) +"
"0"," geom_histogram(bins = 30L) +"
"0"," scale_fill_viridis_d(option = ""plasma"", "
"0"," direction = 1) +"
"0"," theme_minimal()"
"0",""
